TARGETID,TARGET_RA,TARGET_DEC
234514857066532,150.77862233736948,1.1696898070582906
234532947099648,149.10507501063125,1.884923140062571
243353203507233,149.4218195646048,2.9212861590983668
2389515943542784,185.1261266620692,-0.4490296027537043
2389721296666634,214.51802123635358,7.890436304535411
2706026876895232,323.6906095966213,-6.8388296100043044
2706107944402944,130.56164330127908,-3.1986701849950707
2706139288436736,199.0965242143181,-2.0138167567864773
2706157491716096,204.17571046490616,-1.3190853071419841
2706174780637184,154.70280489402532,-0.3978878267697258
2706193835360256,210.38748066573453,0.2820019287029253
2706210901983232,147.56688698218818,0.9019054853551812
2706274336636928,329.4784680302411,3.4353472018420264
2706303013093376,242.1704841522708,4.6893864942431485
2706401419853824,25.240318456177143,9.107748254928447
2714910362435589,147.833854551131,-3.119600312385931
2714952884289536,162.29712778859428,-1.3634672276919335
2715031447797762,165.2484581106639,1.9453364028819016
2715197512876037,25.240318456177143,9.107748254928447
39089837390697931,150.81658474689115,2.0999769628789933
39627323720341311,86.19540872550623,-19.52183715654711
39627386119000565,35.093880188650466,-16.666769500350004
39627479782002153,44.912853513224455,-12.694460234275812
39627537478847776,312.1209088012618,-10.531682880502828
39627562309125549,12.970088372334208,-9.369891254672854
39627601517479958,214.14294258617244,-7.629000026161108
39627601630726031,220.92113677985424,-7.646474061704275
39627603568497056,337.5113392853361,-7.7762310341713565
39627616990265990,62.96007438310831,-6.907165492261921
39627622744854690,48.49297617865378,-6.855643781723886
39627622908433377,58.31990914838387,-6.708933535122141
39627628918869791,58.478109972405036,-6.475137803613649
39627636422479492,148.2319739129054,-6.2251576342152966
39627640579031330,37.16118759282548,-5.928330222268868
39627642617463252,159.1847579276911,-6.07899448542973
39627648279775976,138.2016077399268,-5.629602663761505
39627653111612024,67.30288041510187,-5.419632952951588
39627654801920911,168.69500332400068,-5.401388542319544
39627655498177307,210.37599675477887,-5.6003649572722765
39627657628877456,337.68569661448964,-5.517921179000174
39627661022072727,180.67698521722212,-5.369861164227775
39627664935354551,54.409815514303205,-5.043572606974708
39627665216377313,71.36852665883873,-4.899117777339343
39627666617271387,154.9860470588947,-5.006971468475715
39627666902485913,172.08649792797604,-4.918023156132926
39627670618640746,34.23155791681868,-4.758541513998559
39627673026168304,178.056158004726,-4.856257011697207
39627673424628062,201.95719731538676,-4.8424712086968045
39627673546262944,209.19863742542742,-4.687452403569548
39627678604592494,151.50060181572871,-4.43038842481435
39627678667507434,155.2736819097342,-4.428274654077469
39627685273538085,189.93928980288464,-4.219769110942767
39627685328066035,193.26214039756314,-4.288301805611862
39627685370008328,195.75007013737087,-4.18325931226538
39627685395169704,197.04135325200969,-4.3501990156781964
39627687580405559,327.61863313529693,-4.247881567137419
39627687643318936,331.35456674204374,-4.285805749309755
39627691590158833,206.8797631566156,-3.9486388128545373
39627703321629999,187.22003558123643,-3.5591551180118044
39627705494275651,316.7448199862542,-3.4437195308186825
39627708434484707,132.3218859939635,-3.167269492942791
39627711441804353,311.9052895273818,-3.2420543853998853
39627717687117213,324.050825362468,-3.1228145032346024
39627721076114739,166.05724944244113,-2.678585990769973
39627726532908257,131.45642299105876,-2.617308355553992
39627726738426677,143.6449544931702,-2.532366289038747
39627726801339695,147.30654191819397,-2.605121031857801
39627727933803215,214.87841963520583,-2.4154406285033945
39627731415073011,62.259437168545745,-2.186087563530118
39627733029879987,158.5044003084077,-2.371649615991801
39627740214726725,226.94203730930798,-1.952939119277725
39627743230429467,46.638654550097186,-1.6797782931895178
39627745398883762,175.8157302420254,-1.6516812443333755
39627745814121654,200.66029720805938,-1.818103814591985
39627746082553945,216.50280039109663,-1.6381481373202262
39627751941998903,205.87444082433535,-1.4529219558986703
39627754156592067,337.8521565300494,-1.502321932273465
39627756643816745,126.23073266072436,-1.1827255609974243
39627757256184267,162.70263137963315,-1.2388497697958565
39627757734333522,191.18723550713915,-1.1485418084717458
39627761765060098,71.42945677315821,-0.9053954542796895
39627763912544115,199.42463501982434,-1.0005591702758756
39627769679712162,183.16765716860482,-0.7484984700963385
39627775753063070,185.12646910371305,-0.45086747757080126
39627776164105198,209.6501505038278,-0.49285421177907873
39627776231214971,213.66265521856093,-0.413332651205859
39627777862799123,310.859838528369,-0.5164159404443681
39627779624403726,55.781207186776115,-0.31438221940295746
39627781927078884,193.14083319092657,-0.16757565611009828
39627782078072502,202.07642068518422,-0.23177822345967777
39627785190247219,27.58991482206011,-0.1080049261388954
39627787459364178,162.8131033521194,0.12362743466545899
39627787669079051,175.30885953261324,0.11999729886854481
39627794296082025,210.38748066573453,0.2820019287029253
39627797995459434,70.9592901671773,0.6213779366452287
39627799857730585,181.96259956702454,0.4298873607383291
39627800625283361,227.50972024176193,0.42239658758898907
39627817226340522,137.10419801660404,1.1415882256328764
39627817226340529,137.10449380701183,1.1417229907996262
39627818174254064,193.6691220066797,1.3238640629061564
39627823085785449,126.38806687240015,1.4764668964153096
39627829914108030,173.25436320314873,1.8461295872548007
39627832363582986,319.2845481831677,1.8037920290062968
39627838319496035,314.3352308221449,2.1094192716294033
39627841343589611,134.67061484521506,2.1967968820731825
39627841469420606,142.2228360252322,2.3026477223462845
39627842346027008,194.32501369136713,2.2915218803925463
39627842849345536,224.42241559349324,2.231281183662573
39627847865729253,163.26044177526603,2.4899341091490212
39627848452934177,198.37576022307255,2.442626499924124
39627848503264458,201.3056338673334,2.4168310199997243
39627848524238997,202.719387973912,2.5109721964430105
39627848780090931,217.9062362753969,2.4118045665496295
39627849056916629,234.44373053996205,2.5738107186074575
39627853687427435,150.43947928447216,2.691775204000314
39627854849248817,219.66706292247179,2.7355542620865863
39627860708693051,208.9736544681357,3.0248253516635373
39627860868074420,218.39472353881524,2.9521512642688608
39627865620220315,141.80667556402173,3.2402681754215705
39627865750246358,149.70728280352827,3.3592581881061045
39627865775408942,151.05803415872734,3.362798070114273
39627871735514671,146.773654738628,3.4731838290001797
39627876009515081,41.99169609710297,3.840302298844794
39627878995857568,220.25735822175523,3.731829198973787
39627884607833255,195.08225604203236,4.000338751176328
39627884981128555,217.43554258326125,4.113992724957417
39627886759516057,323.6677280402155,4.038502683330405
39627890098180120,162.90459752134024,4.362220389234061
39627891306136904,234.88970114665227,4.297124003074582
39627895643046550,133.90611225982798,4.4678520962924
39627896234445067,169.37151850503506,4.611600198224001
39627899124323341,342.1978165062699,4.424532427616851
39627908058188656,156.09969158971012,4.901580927557949
39627908184019127,163.64352837626035,5.101417151964883
39627914865544646,202.95782820164357,5.363342852239083
39627926706061620,191.30688193662428,5.872726549245077
39627926802530772,197.09328476091136,5.861476327721408
39627929134565710,336.75996793813283,5.839987441123785
39627932821360799,197.5494046558426,6.025608353342975
39627935207919022,340.3323571171907,6.103158214616594
39627936113885462,34.456165376054116,6.294829445334246
39627941964939986,25.17127332295508,6.385825559513684
39627945395885374,231.03022147352414,6.435184045970181
39627945504933829,237.4087610511281,6.590746047388864
39627947979571847,25.676516629717916,6.707674878654349
39627951376961659,229.4762091457563,6.753518046254798
39627954111645136,33.31799959408141,7.043467440860168
39627969483770028,235.99359145496226,7.4082352474395945
39627974852480575,198.5850741774709,7.776408992985797
39627977968846223,25.797490541769573,8.07258310885287
39627981647251483,246.8974490254176,8.063797677723409
39627983111061538,334.7902767339595,8.07302495456989
39628007886816589,27.158728211005176,9.294795682503459
